,0,90,180,270,accuracy,macro avg,weighted avg
precision,0.9879518072289156,1.0,0.9841269841269841,1.0,0.9895833333333334,0.9930196978389749,0.9895833333333334
recall,0.9879518072289156,1.0,0.9841269841269841,1.0,0.9895833333333334,0.9930196978389749,0.9895833333333334
f1-score,0.9879518072289156,1.0,0.9841269841269841,1.0,0.9895833333333334,0.9930196978389749,0.9895833333333334
support,83.0,24.0,63.0,22.0,0.9895833333333334,192.0,192.0
